Model,MAE,MSE,RMSE,R2
ARIMA,23.02460826181335,1592.6428832693305,26.032651124065588,-2.540242588047582
